{"model": "Qwen2.5-1.5B", "seed": 123, "avg_rouge1": 0.219, "avg_rougeL": 0.2093, "scores_r1": [0.0, 0.0, 1.0, 0.30769230769230765, 0.4615384615384615, 0.0, 1.0, 0.5217391304347826, 0.0, 0.358974358974359, 0.10714285714285714, 0.07407407407407407, 0.4799999999999999, 0.0, 0.0, 0.8571428571428571, 0.24615384615384617, 0.0, 0.8, 0.0, 0.22727272727272727, 0.05, 0.09374999999999999, 1.0, 0.0, 0.25, 0.0, 0.0, 0.0, 1.0, 0.28, 0.30508474576271183, 0.2545454545454546, 0.0, 0.1081081081081081, 0.5, 0.0, 0.13043478260869568, 1.0, 0.23255813953488377, 0.0, 0.21875, 0.186046511627907, 0.22222222222222224, 0.22222222222222224, 0.20338983050847456, 0.4, 0.0, 0.0, 0.0, 0.0, 1.0, 0.28571428571428575, 0.2531645569620253, 0.16666666666666669, 0.22222222222222224, 0.2105263157894737, 0.0, 0.046511627906976744, 0.1568627450980392, 0.1904761904761905, 1.0, 0.34615384615384615, 0.0625, 0.2978723404255319, 0.0, 0.0, 0.0, 0.0, 1.0, 0.058823529411764705, 0.0, 0.0, 0.0, 0.4, 0.0, 0.0, 0.5, 0.0, 1.0, 0.0, 0.25, 0.25, 0.26666666666666666, 0.0, 0.0, 0.22950819672131145, 0.0, 0.0, 0.5, 0.0, 0.0, 0.26229508196721313, 0.30434782608695654, 0.5, 0.09523809523809523, 0.0, 0.06451612903225806, 0.05128205128205128, 0.2857142857142857, 0.25, 0.0, 0.0, 0.0, 1.0, 0.0, 0.28571428571428575, 0.0, 0.4222222222222222, 1.0, 1.0, 0.0, 0.0, 0.0, 0.11538461538461539, 0.125, 0.0, 0.0, 0.0, 0.5945945945945946, 0.5365853658536586, 0.28571428571428575, 0.0, 0.0, 0.0, 0.5714285714285715, 0.0, 0.3, 0.0, 0.3157894736842105, 0.1509433962264151, 0.0, 0.26666666666666666, 0.0, 0.44, 0.0, 0.38709677419354843, 0.19047619047619047, 0.0, 0.23255813953488372, 1.0, 0.0, 0.26666666666666666, 1.0, 0.0, 0.20512820512820512, 0.0, 0.0, 1.0, 0.0, 0.8, 0.0, 0.0, 0.0, 0.0, 1.0, 0.0, 0.2380952380952381, 0.0983606557377049, 0.1739130434782609, 0.5263157894736842, 0.0, 0.0, 0.0, 0.25, 0.29729729729729726, 1.0, 0.25352112676056343, 0.0, 0.0, 0.0, 0.0, 0.0, 0.29268292682926833, 0.0, 0.08695652173913045, 0.0, 0.0, 0.5714285714285713, 0.47058823529411764, 0.39436619718309857, 0.42857142857142855, 0.0, 0.5, 0.0, 0.17142857142857143, 0.09999999999999999, 0.0, 0.3902439024390244, 0.22857142857142856, 0.0, 0.0, 0.0, 0.4666666666666666, 0.06521739130434782, 0.15384615384615385, 0.26086956521739135, 0.35135135135135137, 0.0, 0.0, 0.0, 0.28, 0.0, 0.12765957446808512, 0.0, 1.0, 0.44067796610169496, 0.25, 0.0, 0.0, 0.0, 1.0, 0.07142857142857142, 0.046511627906976744, 0.6666666666666666, 1.0, 0.0, 1.0, 1.0, 0.0, 0.0, 0.21052631578947367, 0.046511627906976744, 0.0, 0.3333333333333333, 0.25, 0.0, 0.08, 0.0, 0.0, 1.0, 0.0, 0.0, 0.3333333333333333, 0.25, 1.0, 0.0, 0.5, 0.0, 0.21978021978021975, 0.28571428571428575, 0.058823529411764705, 0.0909090909090909, 0.0, 0.0, 0.0, 0.0, 0.0, 0.0, 0.6666666666666666, 0.1686746987951807, 0.125, 0.20833333333333334, 0.28571428571428575, 0.0, 0.0, 0.0, 0.41791044776119407, 0.0, 0.10714285714285714, 0.29508196721311475, 0.12121212121212122, 1.0, 0.0, 0.0, 0.25, 0.19607843137254902, 0.0, 0.0, 0.029850746268656712, 0.05128205128205128, 0.2162162162162162, 0.125, 0.0, 0.0, 0.0, 0.59375, 0.4, 0.0, 0.3333333333333333, 0.0, 1.0, 0.0, 0.3333333333333333, 0.0, 0.0, 0.05, 0.0, 0.0, 0.0, 0.0, 0.25, 0.5714285714285715, 0.0, 0.0, 1.0, 0.32, 0.0, 0.33333333333333337, 0.3448275862068966, 0.2962962962962963, 0.0, 1.0, 0.0967741935483871, 0.07692307692307691, 0.0, 0.0, 0.0, 0.0, 0.0, 0.0, 0.16666666666666666, 0.25, 0.3333333333333333, 0.22222222222222224, 0.6153846153846153, 0.0, 1.0, 0.0, 0.25, 0.0, 0.18181818181818182, 1.0, 0.05555555555555556, 0.0, 0.08695652173913043, 0.0, 0.0, 0.0, 0.0, 0.6666666666666666]}