{"model": "SmolLM2-360M", "seed": 123, "avg_rouge1": 0.1874, "avg_rougeL": 0.182, "scores_r1": [0.0, 0.0, 0.0, 0.0, 0.8, 0.0, 0.0, 0.6666666666666666, 1.0, 0.30769230769230765, 0.0, 0.28571428571428575, 0.11111111111111112, 0.0, 0.0, 0.0, 0.11538461538461538, 0.0, 0.0, 0.6666666666666666, 0.325, 0.0, 0.09302325581395349, 0.0, 0.5714285714285715, 0.0, 0.18181818181818182, 0.0, 0.0, 0.0, 0.0, 0.0, 0.2, 0.0, 0.0, 0.5714285714285715, 0.0, 0.39999999999999997, 0.0, 0.0, 0.6666666666666666, 0.2727272727272727, 0.0, 0.0, 0.28571428571428575, 0.0, 0.0, 0.06451612903225806, 0.19354838709677416, 0.0, 0.0, 0.0, 0.0, 0.5405405405405406, 0.1754385964912281, 0.0, 0.17647058823529413, 0.0, 0.3157894736842105, 0.0, 0.64, 0.0, 0.0, 0.12499999999999997, 0.0, 0.0, 0.0, 0.0, 0.0, 0.0, 0.0, 0.0, 0.0, 0.0, 0.6666666666666666, 0.0, 0.0, 0.5, 0.0, 0.0, 0.0, 0.0, 0.07142857142857142, 0.25, 1.0, 0.0, 0.0, 0.0, 0.0, 0.25, 0.0, 1.0, 0.0, 0.13333333333333333, 0.0, 0.0, 1.0, 0.0, 0.0, 0.0, 0.2553191489361702, 0.0, 0.0, 0.0, 1.0, 0.0, 0.0, 0.0, 0.1842105263157895, 1.0, 0.0, 0.0, 0.29787234042553196, 0.0, 0.0, 0.41666666666666663, 0.10526315789473685, 0.6666666666666666, 0.0, 0.4067796610169491, 0.0909090909090909, 0.0, 0.0, 0.0, 0.0, 0.0, 0.0, 0.5294117647058824, 1.0, 0.18749999999999997, 0.0, 0.07692307692307691, 0.07407407407407407, 0.0, 0.0, 0.0, 0.0, 0.2857142857142857, 0.0, 0.22222222222222218, 0.0, 0.0, 0.48484848484848486, 0.0, 0.21052631578947367, 0.25, 0.0, 0.0, 1.0, 0.0, 0.8, 0.0, 1.0, 0.0, 0.2758620689655173, 0.0, 0.0, 0.3, 0.0, 0.04651162790697674, 0.5714285714285715, 0.12820512820512822, 0.0, 1.0, 0.3333333333333333, 0.5753424657534247, 1.0, 0.13333333333333333, 0.0, 0.11428571428571428, 0.32, 0.38095238095238093, 0.0, 0.1639344262295082, 0.0, 1.0, 0.0, 1.0, 0.13043478260869565, 0.07999999999999999, 0.52, 0.38095238095238093, 0.0, 1.0, 0.0, 0.36363636363636365, 0.08163265306122448, 0.0, 0.0, 0.37499999999999994, 0.6666666666666666, 0.0, 0.25, 0.049999999999999996, 0.08823529411764706, 0.0, 0.25396825396825395, 0.459016393442623, 0.0, 0.0, 0.0, 0.2380952380952381, 0.0, 0.13953488372093023, 0.0, 0.0, 0.0, 0.0, 0.0, 0.0, 0.0, 1.0, 0.0, 0.07407407407407408, 0.1951219512195122, 1.0, 1.0, 1.0, 1.0, 0.0, 0.0, 0.2631578947368421, 0.0, 0.0, 0.0, 0.0, 1.0, 0.08888888888888889, 0.0, 0.0, 0.0, 0.0, 0.6153846153846154, 0.0, 0.3333333333333333, 1.0, 0.0, 0.0, 1.0, 0.28260869565217395, 0.28571428571428575, 0.0, 0.4, 0.0, 0.0, 0.0, 1.0, 0.0, 0.18181818181818182, 0.1111111111111111, 0.13953488372093023, 0.4897959183673469, 0.10810810810810811, 0.0, 0.0, 0.0, 0.0, 0.10126582278481013, 0.0, 0.1111111111111111, 0.28571428571428575, 0.11764705882352941, 0.0, 0.0, 0.0, 0.28571428571428575, 0.4, 0.08, 1.0, 0.0, 0.05128205128205128, 0.4, 0.15789473684210525, 0.2727272727272727, 0.0, 0.0, 0.6865671641791045, 0.09523809523809525, 1.0, 1.0, 0.0, 0.0, 0.12903225806451613, 0.0, 0.0, 1.0, 0.14705882352941174, 0.0, 1.0, 0.0, 0.0, 0.25, 0.47058823529411764, 0.0, 0.0, 0.0, 0.0, 0.0, 0.8333333333333333, 0.20000000000000004, 0.0, 0.0, 0.3333333333333333, 0.0, 0.07547169811320754, 0.0, 0.0, 0.0, 0.0, 0.0, 0.04878048780487805, 0.0, 0.3333333333333333, 0.18691588785046728, 0.0, 0.3582089552238806, 0.1694915254237288, 0.0, 0.0, 0.0, 0.0, 0.10526315789473685, 0.0, 0.0, 0.0, 0.09523809523809523, 0.0, 0.0, 0.0, 0.0, 0.08]}