{"model": "SmolLM2-360M", "seed": 0, "avg_rouge1": 0.1816, "avg_rougeL": 0.1768, "scores_r1": [0.0, 0.0, 1.0, 0.0, 0.8, 0.0, 0.0, 0.6666666666666666, 1.0, 0.4776119402985075, 0.0, 0.28571428571428575, 0.25925925925925924, 0.0, 0.0, 0.0, 0.37837837837837834, 0.0, 0.0, 0.0, 0.1728395061728395, 0.0, 0.3, 0.0, 0.5714285714285715, 0.0, 0.9565217391304348, 0.0, 0.0, 0.0, 0.0, 0.05263157894736842, 0.0, 0.0, 0.0, 0.5714285714285715, 0.0, 0.5, 0.0, 0.0, 0.6666666666666666, 0.0, 0.0, 0.0, 0.0, 0.0, 0.0, 0.0, 0.5365853658536585, 0.0, 0.0, 0.0, 0.0, 0.5205479452054794, 0.1754385964912281, 0.0, 0.06451612903225808, 0.0, 0.3157894736842105, 0.0, 0.64, 0.0, 0.0, 0.048780487804878044, 0.0, 0.0, 0.0, 0.0, 0.0, 0.25, 0.0625, 0.0, 0.0, 0.0, 0.6666666666666666, 0.0, 0.0, 0.5, 0.0, 0.0, 0.0, 0.0, 0.07142857142857142, 0.25, 1.0, 0.0, 0.0, 0.0, 0.0, 0.23529411764705882, 0.0, 1.0, 0.0, 0.25, 0.0, 0.16, 1.0, 0.34615384615384615, 0.0, 0.047619047619047616, 0.05555555555555555, 0.0, 0.0, 0.0, 1.0, 0.0, 0.0, 0.0, 0.4782608695652174, 1.0, 0.0, 0.0, 0.2916666666666667, 0.0, 0.0, 0.22857142857142856, 0.06666666666666667, 0.6666666666666666, 0.0, 0.4067796610169491, 0.3111111111111111, 0.0, 0.0, 0.0, 0.0, 0.0, 0.0, 0.3125, 1.0, 0.22641509433962262, 0.0, 0.782608695652174, 0.07407407407407407, 0.0, 0.46153846153846156, 0.0, 0.11428571428571428, 0.3508771929824562, 0.0, 0.22222222222222218, 1.0, 0.0, 0.20689655172413793, 0.0, 0.0, 0.0, 0.0, 0.0, 1.0, 0.0, 0.8, 0.0, 0.0, 0.0, 0.2758620689655173, 1.0, 0.0, 0.3, 0.05128205128205128, 0.0, 0.5714285714285715, 0.0, 0.0, 1.0, 0.28571428571428575, 0.26470588235294124, 1.0, 0.18518518518518517, 0.0, 0.24000000000000005, 0.38461538461538464, 0.38095238095238093, 0.0, 0.035087719298245605, 0.0, 0.0, 0.0, 1.0, 0.13043478260869565, 0.07692307692307691, 0.5098039215686274, 0.3, 0.0, 1.0, 0.0, 0.36363636363636365, 0.0784313725490196, 0.0, 0.0, 0.23076923076923075, 0.6666666666666666, 0.0, 0.25, 0.05555555555555555, 0.0, 0.0, 0.2903225806451613, 0.17391304347826086, 0.0, 0.0, 0.0, 0.3333333333333333, 0.0, 0.0, 0.0, 0.0, 0.3913043478260869, 0.0, 0.0, 0.25, 0.0, 1.0, 0.0, 0.0, 0.16666666666666666, 1.0, 1.0, 1.0, 1.0, 0.0, 0.0, 0.29333333333333333, 0.0, 0.0, 0.0, 0.0, 1.0, 0.09302325581395349, 0.0, 0.0, 0.0, 0.0, 0.6153846153846154, 0.0, 0.3333333333333333, 0.0, 0.0, 0.0, 1.0, 0.32608695652173914, 0.3333333333333333, 0.0625, 0.0, 0.0, 0.0, 0.0, 1.0, 0.0, 0.18181818181818182, 0.1111111111111111, 0.02247191011235955, 0.0, 0.14634146341463414, 0.0, 0.0, 0.07692307692307693, 0.0, 0.1846153846153846, 0.0, 0.1111111111111111, 0.07692307692307691, 0.10526315789473684, 0.0, 0.0, 0.0, 0.28571428571428575, 0.339622641509434, 0.041666666666666664, 0.0, 0.0, 0.03773584905660377, 0.21538461538461542, 0.10810810810810811, 0.0, 0.0, 0.0, 0.1739130434782609, 0.09999999999999999, 1.0, 1.0, 0.0, 0.0, 0.0, 0.3333333333333333, 0.0, 1.0, 0.23333333333333336, 0.0, 1.0, 0.0, 0.0, 0.25, 0.2666666666666666, 0.0, 0.0, 0.0, 0.0, 0.0, 0.3448275862068966, 0.1951219512195122, 0.0, 0.0, 0.3333333333333333, 0.0, 0.0909090909090909, 0.0, 0.0, 0.0, 0.0, 0.0, 0.05555555555555555, 0.16666666666666666, 0.0, 0.358974358974359, 0.0, 0.3582089552238806, 0.25396825396825395, 0.0, 0.0, 0.0, 0.0, 0.06060606060606061, 0.0, 0.0, 0.08695652173913043, 0.26086956521739135, 0.0, 0.0, 0.0, 0.0, 0.0]}