{"model": "TinyLlama-1.1B", "seed": 123, "avg_rouge1": 0.2337, "avg_rougeL": 0.2263, "scores_r1": [0.0, 0.0, 1.0, 0.3561643835616438, 0.5, 0.0, 1.0, 0.6666666666666666, 0.0, 0.5, 0.4166666666666667, 0.0, 0.2535211267605634, 0.0, 0.0, 0.28571428571428575, 0.35294117647058826, 0.0, 0.5, 0.0, 0.1518987341772152, 0.0625, 0.4210526315789474, 0.5, 0.5714285714285715, 0.0, 0.9565217391304348, 0.0, 0.0, 1.0, 0.0, 0.6470588235294118, 0.14285714285714288, 0.0, 0.5, 0.5714285714285715, 0.0, 0.1818181818181818, 0.0, 0.2105263157894737, 0.0, 0.4230769230769231, 0.21052631578947364, 0.0, 0.22222222222222224, 0.25641025641025644, 0.0, 0.0, 0.8, 0.0689655172413793, 0.0, 0.0, 0.0, 0.5, 0.3055555555555556, 0.14814814814814814, 0.0, 0.0, 0.47619047619047616, 0.2608695652173913, 0.7692307692307692, 1.0, 0.28, 0.12244897959183673, 0.16666666666666666, 0.0, 0.04761904761904762, 0.0, 0.0, 0.0, 0.08695652173913045, 0.0, 0.0, 0.0, 0.7368421052631579, 0.09090909090909093, 0.0, 0.32, 0.0, 0.0, 0.0, 0.0, 0.25, 0.0, 1.0, 0.0, 0.1, 0.0, 0.0, 0.5, 0.0, 1.0, 0.3783783783783784, 0.16216216216216214, 0.0, 0.0, 1.0, 0.07142857142857142, 0.4, 0.0, 0.36, 0.0, 0.0, 0.0, 1.0, 0.05714285714285715, 0.25, 0.0, 0.1904761904761905, 1.0, 1.0, 0.0, 0.2222222222222222, 0.0, 0.0, 0.18181818181818182, 0.125, 0.6666666666666666, 0.0, 0.5633802816901409, 0.4615384615384615, 0.28571428571428575, 0.0, 0.0, 1.0, 0.5714285714285715, 0.0, 0.21621621621621623, 0.0, 0.17391304347826086, 0.1290322580645161, 0.0, 0.22448979591836737, 0.0, 0.24242424242424243, 0.0, 0.4444444444444445, 0.4150943396226416, 0.0, 0.13636363636363635, 1.0, 0.0, 0.3783783783783784, 1.0, 0.5714285714285715, 0.4117647058823529, 0.0, 0.0, 0.0, 0.0, 0.0, 0.46153846153846156, 0.0, 0.0, 0.0, 1.0, 0.0, 0.34285714285714286, 0.0, 0.09523809523809525, 0.5714285714285715, 0.0, 0.0, 0.0, 0.25, 0.09836065573770492, 1.0, 0.17857142857142858, 0.0, 0.2580645161290323, 0.6153846153846154, 0.38095238095238093, 0.0, 0.0, 0.0, 0.0, 0.0, 1.0, 0.6341463414634146, 0.1904761904761905, 0.5777777777777777, 0.16216216216216214, 0.0, 0.0, 0.0, 0.3846153846153846, 0.07692307692307693, 0.0, 0.29268292682926833, 0.0, 1.0, 0.0, 0.35294117647058826, 0.19999999999999998, 0.10638297872340427, 0.20689655172413793, 0.14814814814814817, 0.5172413793103449, 0.0, 0.0, 0.0, 0.23255813953488377, 0.0, 0.0, 0.0, 1.0, 0.0, 0.0, 0.0, 0.0, 0.0, 1.0, 0.20000000000000004, 0.0, 0.26229508196721313, 1.0, 1.0, 1.0, 0.0, 0.4444444444444445, 0.0, 0.29729729729729726, 0.15686274509803924, 0.0, 0.0, 0.0, 0.0, 0.15, 0.0, 0.0, 1.0, 0.0, 0.058823529411764705, 0.0, 0.22222222222222224, 0.0, 0.0, 0.0, 0.0, 0.48888888888888893, 0.5714285714285715, 0.10526315789473682, 0.0, 1.0, 0.0, 0.0, 1.0, 0.0, 1.0, 0.9090909090909091, 0.1714285714285714, 0.14814814814814814, 0.25, 0.045454545454545456, 0.0, 0.11594202898550725, 0.0, 0.2857142857142857, 0.0, 0.10909090909090909, 0.3137254901960784, 0.39999999999999997, 0.0, 0.0, 0.0, 0.28571428571428575, 0.20689655172413793, 0.14285714285714288, 0.0, 0.0, 0.0, 0.025, 0.3157894736842105, 0.0, 0.0, 0.0, 0.12307692307692308, 0.5, 1.0, 1.0, 0.0, 1.0, 0.0, 0.3333333333333333, 0.0, 1.0, 0.06250000000000001, 0.18518518518518517, 0.0, 0.0, 0.0, 0.22222222222222224, 0.043478260869565216, 0.0, 0.0, 0.0, 0.25, 0.0, 0.4347826086956522, 0.18749999999999997, 0.2631578947368421, 0.0, 1.0, 0.03921568627450981, 0.08333333333333333, 0.5, 1.0, 0.0, 0.0, 0.0, 0.09090909090909091, 0.0, 0.22222222222222224, 0.36363636363636365, 0.0, 0.34782608695652173, 0.6461538461538462, 1.0, 0.0, 0.0, 0.3870967741935483, 0.1111111111111111, 0.0, 0.0851063829787234, 0.09523809523809525, 0.26086956521739135, 0.15384615384615383, 0.0, 0.0, 0.0, 0.16666666666666666]}