{"model": "TinyLlama-1.1B", "seed": 0, "avg_rouge1": 0.2567, "avg_rougeL": 0.248, "scores_r1": [0.0, 0.0, 1.0, 0.26666666666666666, 0.13333333333333333, 0.0, 1.0, 0.14634146341463414, 1.0, 0.4776119402985075, 0.4347826086956522, 0.3225806451612903, 0.2162162162162162, 0.0, 0.0, 0.28571428571428575, 0.3846153846153846, 0.0, 0.5, 0.0, 0.0, 0.06451612903225806, 0.07692307692307691, 0.5, 0.5714285714285715, 0.0, 0.9565217391304348, 0.0, 0.0, 1.0, 0.45714285714285713, 0.6470588235294118, 0.15, 0.0, 0.5, 0.75, 0.0, 0.09090909090909093, 0.0, 0.18604651162790697, 0.0, 0.4, 0.21052631578947364, 0.0, 0.0, 0.24390243902439027, 0.0, 0.10526315789473685, 0.10810810810810811, 0.8571428571428571, 1.0, 0.0, 0.3333333333333333, 0.36619718309859156, 0.2571428571428572, 0.14814814814814814, 0.3636363636363637, 0.0, 0.37499999999999994, 0.33333333333333326, 0.6060606060606061, 1.0, 0.4186046511627907, 0.08695652173913043, 0.1702127659574468, 0.0, 0.0, 0.0, 0.0, 0.0, 0.0, 0.0, 0.0, 0.0, 0.7368421052631579, 0.1111111111111111, 0.0, 0.27027027027027023, 0.25, 0.0, 0.0, 0.0, 0.25, 0.25, 1.0, 0.0, 0.1, 0.0, 0.5, 0.5, 0.0, 1.0, 0.3684210526315789, 0.16216216216216214, 0.0, 0.17391304347826086, 0.0, 0.0, 0.2162162162162162, 0.0, 0.30434782608695654, 0.0, 0.0, 0.7999999999999999, 1.0, 0.0, 0.3333333333333333, 0.0, 0.46315789473684205, 1.0, 1.0, 0.0, 0.0, 0.0, 0.1639344262295082, 0.18181818181818182, 0.0, 0.6666666666666666, 0.0, 0.5633802816901409, 0.45, 0.28571428571428575, 0.0, 0.0, 1.0, 0.0, 0.0, 0.20689655172413796, 1.0, 0.20338983050847456, 0.1290322580645161, 0.0, 0.3146067415730337, 0.0, 0.2580645161290323, 0.0, 0.6153846153846154, 0.2448979591836735, 0.0, 0.21739130434782608, 1.0, 0.0, 0.23529411764705882, 1.0, 0.10526315789473684, 0.3225806451612903, 0.0, 0.0, 1.0, 0.0, 0.0, 0.2608695652173913, 0.0, 0.0, 0.0, 0.0, 0.0, 0.25641025641025644, 0.0, 0.09523809523809525, 0.5882352941176471, 0.0, 0.0, 0.0, 0.25, 0.19354838709677416, 1.0, 0.17857142857142858, 0.0, 0.2580645161290323, 0.6153846153846154, 0.0, 0.3333333333333333, 0.20338983050847456, 0.0, 0.0, 0.0, 1.0, 0.24999999999999994, 0.2, 0.5098039215686274, 0.25531914893617025, 0.0, 0.0, 0.0, 0.3703703703703704, 0.09302325581395349, 0.25, 0.24489795918367346, 0.0, 1.0, 0.0, 0.35294117647058826, 0.31250000000000006, 0.08450704225352113, 0.20689655172413793, 0.1724137931034483, 0.4642857142857143, 0.0, 0.0, 0.0, 0.2857142857142857, 0.0, 0.041666666666666664, 0.0, 1.0, 0.28571428571428575, 0.0, 0.0, 0.0, 0.0, 1.0, 0.22222222222222224, 0.0, 0.4827586206896552, 1.0, 1.0, 1.0, 1.0, 0.0, 0.0, 0.28571428571428575, 0.15686274509803924, 0.0, 0.0, 0.22222222222222224, 1.0, 0.07692307692307693, 0.0, 0.0, 1.0, 0.0, 0.5, 0.0, 0.25, 0.0, 0.0, 0.0, 0.0, 0.25, 0.5, 0.10526315789473682, 0.4, 1.0, 0.0, 0.0, 1.0, 0.0, 1.0, 0.3137254901960784, 0.16470588235294115, 0.5106382978723404, 0.4666666666666666, 0.2727272727272727, 0.0, 0.08, 0.0, 0.2909090909090909, 0.0, 0.10909090909090909, 0.3478260869565218, 0.05714285714285715, 1.0, 0.0, 0.0, 0.28571428571428575, 0.20689655172413793, 0.05, 0.0, 0.0, 0.2, 0.14634146341463414, 0.2962962962962963, 0.0, 0.0, 0.0, 0.6956521739130436, 0.4, 1.0, 1.0, 0.0, 1.0, 0.0, 0.3333333333333333, 0.0, 1.0, 0.22222222222222224, 0.24390243902439024, 0.0, 0.0, 0.0, 0.25, 0.08695652173913045, 0.0, 0.0, 0.0, 0.3111111111111111, 0.0, 0.45454545454545453, 0.1764705882352941, 0.5454545454545454, 0.0, 1.0, 0.03921568627450981, 0.10810810810810811, 0.5, 1.0, 0.0, 0.0, 0.0, 0.08695652173913043, 0.5, 0.25, 0.36363636363636365, 0.0, 0.53125, 0.3666666666666667, 1.0, 0.0, 0.25, 0.06451612903225806, 0.1395348837209302, 0.0, 0.10256410256410256, 0.0, 0.26086956521739135, 0.15384615384615383, 0.0, 0.0, 0.0, 0.2222222222222222]}