{"model": "Qwen2.5-1.5B", "seed": 0, "avg_rouge1": 0.2084, "avg_rougeL": 0.1991, "scores_r1": [0.0, 0.0, 1.0, 0.30769230769230765, 0.08695652173913043, 0.0, 1.0, 0.5, 0.0, 0.27397260273972607, 0.24390243902439024, 0.07407407407407407, 0.32911392405063294, 0.0, 0.0, 0.0, 0.27272727272727276, 0.0, 0.5, 0.0, 0.21052631578947367, 0.09302325581395347, 0.27027027027027023, 1.0, 0.11764705882352941, 0.28571428571428575, 0.8461538461538461, 0.0, 0.0, 0.0, 0.03846153846153846, 0.4313725490196078, 0.22857142857142854, 0.0, 0.25, 0.4444444444444445, 0.0, 0.1111111111111111, 0.0, 0.21739130434782608, 0.0, 0.18181818181818182, 0.21052631578947364, 0.22222222222222224, 0.25, 0.24390243902439027, 0.0, 0.0, 0.0689655172413793, 0.04, 0.0, 0.0, 0.28571428571428575, 0.18604651162790697, 0.24242424242424243, 0.1, 0.24242424242424246, 0.0, 0.16216216216216214, 0.08695652173913045, 0.18604651162790697, 1.0, 0.2622950819672131, 0.0625, 0.30303030303030304, 0.0, 0.0, 0.0, 0.0, 0.0, 0.08163265306122448, 0.0, 0.0, 0.0, 0.4, 0.0, 0.0, 0.41666666666666663, 0.0, 1.0, 0.0, 0.0, 0.0, 0.5, 1.0, 0.0, 0.0689655172413793, 0.0, 0.0, 0.5, 0.0, 1.0, 0.2105263157894737, 0.2978723404255319, 0.5, 0.13333333333333333, 1.0, 0.06451612903225806, 0.17777777777777776, 0.13559322033898305, 0.2916666666666667, 0.0, 0.0, 0.0, 1.0, 0.06666666666666667, 0.3333333333333333, 0.0, 0.616822429906542, 1.0, 1.0, 0.0, 0.09523809523809523, 0.0, 0.14814814814814814, 0.45454545454545453, 0.0, 0.6666666666666666, 0.0, 0.4857142857142857, 0.07142857142857142, 0.28571428571428575, 0.0, 0.07692307692307691, 0.0, 0.5714285714285715, 0.0, 0.47368421052631576, 0.0, 0.20338983050847456, 0.23809523809523808, 0.0, 0.0, 0.0, 0.14634146341463414, 0.0, 0.3243243243243243, 0.22535211267605634, 0.0, 0.29411764705882354, 1.0, 0.0, 0.19512195121951217, 1.0, 0.28571428571428575, 0.23809523809523808, 0.0, 0.0, 1.0, 0.0, 0.0, 0.0, 0.0, 0.0, 0.0, 1.0, 0.0, 0.2380952380952381, 0.2941176470588235, 0.07407407407407407, 0.4736842105263158, 0.0, 0.0, 0.0, 0.0, 0.32432432432432434, 1.0, 0.17857142857142858, 0.0, 0.0, 0.07407407407407407, 0.0, 0.3333333333333333, 0.26666666666666666, 0.0, 0.0, 0.0, 0.0, 0.44, 0.22857142857142856, 0.45901639344262296, 0.42857142857142855, 0.0, 0.0, 0.0, 0.15, 0.0975609756097561, 0.0, 0.34146341463414637, 0.18181818181818182, 0.0, 0.0, 0.5217391304347826, 0.4878048780487805, 0.056338028169014086, 0.10256410256410256, 0.1754385964912281, 0.2777777777777778, 0.0, 0.6666666666666666, 0.0, 0.2631578947368421, 0.0, 0.05555555555555556, 0.0, 1.0, 0.44067796610169496, 0.25, 0.0, 0.0, 0.0, 1.0, 0.13333333333333333, 0.0, 0.48571428571428577, 1.0, 0.0, 1.0, 1.0, 0.0, 0.0, 0.21052631578947367, 0.0, 0.0, 0.16666666666666666, 0.25, 0.0, 0.0, 0.0, 0.0, 0.0, 0.0, 0.0, 0.3333333333333333, 0.0, 1.0, 0.0, 0.5, 1.0, 0.06741573033707865, 0.25, 0.1111111111111111, 0.05555555555555556, 1.0, 0.0, 0.0, 0.0, 0.0, 0.0, 0.0, 0.23809523809523805, 0.1764705882352941, 0.27450980392156865, 0.3255813953488372, 0.0, 0.0, 0.0, 0.41791044776119407, 0.0, 0.14705882352941177, 0.3283582089552239, 0.19999999999999998, 0.5714285714285715, 0.0, 0.0, 0.28571428571428575, 0.0, 0.0625, 1.0, 0.0784313725490196, 0.05128205128205128, 0.38961038961038963, 0.18181818181818182, 0.0, 0.0, 0.25, 0.7948717948717948, 0.4, 0.0, 0.0, 0.0, 1.0, 0.0, 0.0, 0.0, 0.0, 0.2, 0.0, 0.0, 0.0, 0.0, 0.25, 0.28, 0.0, 0.0, 0.0, 0.20512820512820512, 0.0, 0.33333333333333337, 0.41379310344827586, 0.47058823529411764, 0.0, 0.0, 0.09523809523809523, 0.18518518518518517, 0.0, 1.0, 0.0, 0.0, 0.0, 0.05128205128205127, 0.16666666666666666, 0.25, 0.25196850393700787, 0.0, 0.22580645161290322, 0.46153846153846156, 1.0, 0.0, 0.25, 0.0, 0.0, 0.6666666666666666, 0.0851063829787234, 0.18867924528301885, 0.13114754098360656, 0.0, 0.0, 0.0, 0.0, 0.4444444444444444]}